{
	"name": "quick-status-select",
	"title": "Quick Status Select",
	"description": "a quick status / effect / condition select module",
	"version": "1.6.2",
	"author": "exodu",
	"esmodules": ["./scripts/qss.js"],
	"styles": ["./styles/qss.css"],
	"minimumCoreVersion": "0.7.7",
	"compatibleCoreVersion": "0.8.6",
	"license": "LICENSE",
	"url": "https://github.com/jeremiahverba/qss",
	"manifest": "https://raw.githubusercontent.com/jeremiahverba/qss/main/src/module.json",
	"download": "https://raw.githubusercontent.com/jeremiahverba/qss/v1.6.2/package/quick-status-select-v1.6.2.zip"
}