{
	"name": "quick-status-select",
	"title": "Quick Status Select DND 5e",
	"description": "a quick status select module",
	"version": "1.0.1",
	"author": "exodu",
	"esmodules": ["./qss.js"],
	"styles": ["./qss.css"],
	"minimumCoreVersion": "0.5.0",
	"url": "https://github.com/jeremiahverba/qss",
	"manifest": "https://github.com/jeremiahverba/qss/releases/download/1.0.0/foundryQuickStatusModule-v1.0.0.zip/master/src/module.json",
	"download": "https://github.com/jeremiahverba/qss/releases/download/1.0.0/foundryQuickStatusModule-v1.0.0.zip/v1.0.1/package/quick-status-select-v1.0.1.zip"
}